Date;Day of week;SumHL;DayHL;SumHL / DayHL
2017.02.13;0;0.72620;0.11890;6.10765
2017.02.14;1;1.51580;0.19180;7.90302
2017.02.15;2;1.65830;0.19570;8.47368
2017.02.16;3;1.29160;0.10520;12.27757
2017.02.17;4;1.39330;0.15340;9.08279
2017.02.20;0;1.28440;0.14720;8.72554
2017.02.21;1;1.31660;0.11260;11.69272
2017.02.22;2;1.31850;0.10030;13.14556
2017.02.23;3;1.30410;0.16270;8.01537
2017.02.24;4;1.21310;0.22050;5.50159
2017.02.27;0;1.20040;0.21210;5.65959
2017.02.28;1;0.00000;0.00000;0.00000
2017.03.01;2;1.35010;0.18870;7.15474
2017.03.02;3;1.47510;0.20730;7.11577
2017.03.03;4;1.25140;0.15870;7.88532
2017.03.06;0;1.36410;0.14160;9.63347
2017.03.07;1;1.22780;0.12730;9.64493
2017.03.08;2;1.38510;0.27070;5.11673
2017.03.09;3;0.68570;0.19960;3.43537
2017.03.10;4;1.12300;0.24020;4.67527
2017.03.12;6;0.07460;0.07460;1.00000
2017.03.13;0;1.44490;0.22070;6.54690
2017.03.14;1;1.13750;0.15940;7.13614
2017.03.15;2;1.40300;0.30430;4.61058
2017.03.16;3;1.87720;0.34630;5.42073
2017.03.17;4;1.70990;0.35740;4.78428
2017.03.19;6;0.00000;0.00000;0.00000
2017.03.20;0;1.36240;0.28680;4.75035
2017.03.21;1;1.58020;0.22010;7.17946
2017.03.22;2;1.35380;0.25920;5.22299
2017.03.23;3;1.52770;0.27290;5.59802
2017.03.24;4;1.05200;0.33410;3.14876
2017.03.27;0;1.62670;0.30960;5.25420
2017.03.28;1;0.64040;0.11470;5.58326
2017.03.29;2;1.33110;0.22170;6.00406
2017.03.30;3;1.29140;0.14170;9.11362
2017.03.31;4;0.72610;0.20770;3.49591
2017.04.03;0;0.86240;0.21000;4.10667
2017.04.04;1;1.35640;0.16550;8.19577
2017.04.05;2;1.48840;0.18240;8.16009
2017.04.06;3;1.59720;0.20720;7.70849
2017.04.07;4;1.64550;0.19320;8.51708
2017.04.10;0;1.05210;0.13190;7.97650
2017.04.11;1;1.46730;0.27110;5.41239
2017.04.12;2;1.31880;0.21130;6.24136
2017.04.13;3;1.61900;0.19080;8.48532
2017.04.14;4;1.61650;0.20490;7.88921
2017.04.17;0;1.58670;0.24160;6.56747
2017.04.18;1;1.47020;0.20470;7.18222
2017.04.19;2;1.30300;0.16640;7.83053
2017.04.20;3;1.38260;0.16170;8.55040
2017.04.21;4;1.44420;0.15700;9.19873
2017.04.24;0;1.12870;0.15090;7.47979
2017.04.25;1;1.32730;0.14760;8.99255
2017.04.26;2;1.48880;0.17240;8.63573
2017.04.27;3;1.15790;0.23070;5.01907
2017.04.28;4;1.35740;0.16980;7.99411
2017.05.01;0;0.90370;0.15120;5.97685
2017.05.02;1;0.25980;0.18800;1.38191
2017.05.03;2;0.36440;0.14920;2.44236
2017.05.04;3;1.23580;0.16600;7.44458
2017.05.05;4;1.59780;0.26300;6.07529
2017.05.08;0;1.21600;0.19460;6.24872
2017.05.09;1;1.67140;0.22610;7.39230
2017.05.10;2;1.24250;0.18070;6.87604
2017.05.11;3;1.05300;0.13610;7.73696
2017.05.12;4;1.04290;0.20060;5.19890
2017.05.15;0;1.58440;0.23270;6.80877
2017.05.16;1;1.59200;0.27920;5.70201
2017.05.17;2;1.40580;0.19470;7.22034
2017.05.18;3;1.37460;0.28410;4.83844
2017.05.19;4;1.05630;0.37940;2.78413
2017.05.22;0;1.47770;0.19470;7.58963
2017.05.23;1;0.93060;0.18070;5.14997
2017.05.24;2;1.30260;0.19760;6.59211
2017.05.25;3;1.43170;0.28190;5.07875
2017.05.26;4;1.44460;0.28380;5.09020
2017.05.29;0;1.10300;0.19890;5.54550
2017.05.30;1;1.47110;0.26600;5.53045
2017.05.31;2;1.31810;0.24590;5.36031
2017.06.01;3;1.26540;0.21230;5.96043
2017.06.02;4;1.56140;0.27820;5.61251
2017.06.05;0;1.33110;0.18680;7.12580
2017.06.06;1;0.71990;0.19670;3.65989
2017.06.07;2;1.45990;0.18770;7.77784
2017.06.08;3;1.01820;0.16670;6.10798
2017.06.09;4;0.82780;0.10580;7.82420
2017.06.12;0;1.04800;0.09520;11.00840
2017.06.13;1;0.83180;0.23630;3.52010
2017.06.14;2;1.49160;0.21630;6.89598
2017.06.15;3;1.54170;0.20230;7.62086
2017.06.16;4;1.35070;0.18640;7.24624
2017.06.19;0;1.39350;0.14700;9.47959
2017.06.20;1;0.86360;0.11700;7.38120
2017.06.21;2;0.91450;0.11660;7.84305
2017.06.22;3;1.32970;0.16450;8.08328
2017.06.23;4;0.89100;0.15180;5.86957
2017.06.26;0;1.40530;0.22810;6.16089
2017.06.27;1;0.76780;0.10430;7.36146
2017.06.28;2;0.87260;0.10550;8.27109
2017.06.29;3;1.13310;0.10810;10.48196
2017.06.30;4;1.35220;0.27830;4.85879
2017.07.03;0;1.35570;0.16890;8.02664
2017.07.04;1;1.09440;0.13300;8.22857
2017.07.05;2;1.28340;0.15680;8.18495
2017.07.06;3;1.18260;0.15140;7.81110
2017.07.07;4;1.19140;0.14430;8.25641
2017.07.10;0;1.36210;0.22180;6.14112
2017.07.11;1;1.38650;0.25690;5.39704
2017.07.12;2;1.18360;0.19660;6.02035
2017.07.13;3;1.05370;0.07890;13.35488
2017.07.14;4;1.00730;0.35300;2.85354
2017.07.17;0;1.16070;0.17940;6.46990
2017.07.18;1;1.05370;0.15010;7.01999
2017.07.19;2;1.03750;0.14230;7.29093
2017.07.20;3;1.02010;0.17500;5.82914
2017.07.21;4;1.04750;0.23210;4.51314
2017.07.24;0;0.91210;0.09670;9.43226
2017.07.25;1;0.94610;0.11960;7.91054
2017.07.26;2;0.92890;0.17930;5.18070
2017.07.27;3;0.99550;0.12550;7.93227
2017.07.28;4;1.19510;0.14540;8.21939
2017.07.31;0;0.99140;0.13590;7.29507
2017.08.01;1;0.87930;0.07570;11.61559
2017.08.02;2;0.92630;0.13960;6.63539
2017.08.03;3;0.76560;0.08910;8.59259
2017.08.04;4;0.80970;0.09630;8.40810
2017.08.07;0;0.82820;0.08710;9.50861
2017.08.08;1;0.77330;0.07850;9.85096
2017.08.09;2;0.71810;0.07870;9.12452
2017.08.10;3;0.72800;0.06580;11.06383
2017.08.11;4;0.72190;0.14520;4.97176
2017.08.14;0;0.08420;0.06830;1.23280
2017.08.15;1;0.31620;0.05860;5.39590
2017.08.16;2;0.35900;0.06810;5.27166
2017.08.17;3;0.30600;0.09000;3.40000
2017.08.18;4;0.39530;0.09310;4.24597
2017.08.21;0;0.41450;0.17900;2.31564
2017.08.22;1;0.27740;0.03800;7.30000
2017.08.23;2;0.43480;0.21090;2.06164
2017.08.24;3;0.30110;0.04100;7.34390
2017.08.25;4;0.37180;0.12200;3.04754
2017.08.28;0;0.24120;0.07090;3.40197
2017.08.29;1;0.50510;0.09410;5.36769
2017.08.30;2;0.34280;0.13300;2.57744
2017.08.31;3;0.35000;0.05600;6.25000
2017.09.01;4;0.35390;0.07610;4.65046
2017.09.04;0;0.29270;0.07510;3.89747
2017.09.05;1;0.22030;0.04510;4.88470
2017.09.06;2;0.18820;0.08400;2.24048
2017.09.07;3;0.38070;0.11600;3.28190
2017.09.08;4;0.44170;0.11710;3.77199
2017.09.11;0;0.37580;0.10010;3.75425
2017.09.12;1;0.35760;0.06410;5.57878
2017.09.13;2;0.40620;0.09300;4.36774
2017.09.14;3;0.60080;0.11430;5.25634
2017.09.15;4;0.64170;0.17930;3.57892
2017.09.18;0;0.36140;0.06200;5.82903
2017.09.19;1;0.34980;0.04710;7.42675
2017.09.20;2;0.41770;0.10680;3.91105
2017.09.21;3;0.46820;0.10020;4.67265
2017.09.22;4;0.43750;0.16450;2.65957
2017.09.25;0;0.47000;0.11960;3.92977
2017.09.26;1;0.58970;0.22500;2.62089
2017.09.27;2;0.74380;0.18490;4.02271
2017.09.28;3;0.83570;0.22530;3.70928
2017.09.29;4;0.67440;0.12580;5.36089
2017.10.02;0;0.61890;0.18520;3.34179
2017.10.03;1;0.67390;0.21630;3.11558
2017.10.04;2;0.55330;0.09020;6.13415
2017.10.05;3;0.51840;0.09300;5.57419
2017.10.06;4;0.65980;0.13880;4.75360
2017.10.09;0;0.35030;0.07620;4.59711
2017.10.10;1;0.48420;0.17050;2.83988
2017.10.11;2;0.34370;0.06930;4.95960
2017.10.12;3;0.37400;0.09270;4.03452
2017.10.13;4;0.30090;0.07520;4.00133
2017.10.16;0;0.28150;0.05690;4.94728
2017.10.17;1;0.33830;0.09200;3.67717
2017.10.18;2;0.31930;0.10010;3.18981
2017.10.19;3;0.36860;0.08280;4.45169
2017.10.20;4;0.41230;0.09580;4.30376
2017.10.23;0;0.28670;0.05630;5.09236
2017.10.24;1;0.37450;0.06250;5.99200
2017.10.25;2;0.33780;0.07100;4.75775
2017.10.26;3;0.45300;0.10500;4.31429
2017.10.27;4;0.51410;0.11500;4.47043
2017.10.29;6;0.00000;0.00000;0.00000
2017.10.30;0;0.32850;0.07200;4.56250
2017.10.31;1;0.29150;0.03970;7.34257
2017.11.01;2;0.49310;0.15800;3.12089
2017.11.02;3;0.40270;0.08330;4.83433
2017.11.03;4;0.41470;0.10900;3.80459
2017.11.06;0;0.31160;0.08970;3.47380
2017.11.07;1;0.30500;0.06170;4.94327
2017.11.08;2;0.21220;0.04540;4.67401
2017.11.09;3;0.27640;0.03670;7.53134
2017.11.10;4;0.30110;0.05830;5.16467
2017.11.13;0;0.25520;0.06000;4.25333
2017.11.14;1;0.22530;0.05900;3.81864
2017.11.15;2;0.24090;0.05930;4.06239
2017.11.16;3;0.35200;0.14730;2.38968
2017.11.17;4;0.40570;0.09700;4.18247
2017.11.20;0;0.33200;0.06400;5.18750
2017.11.21;1;0.32340;0.10970;2.94804
2017.11.22;2;0.29610;0.08500;3.48353
2017.11.23;3;0.34370;0.09440;3.64089
2017.11.24;4;0.31150;0.06140;5.07329
2017.11.27;0;0.28050;0.09430;2.97455
2017.11.28;1;0.45110;0.11770;3.83263
2017.11.29;2;0.45000;0.12360;3.64078
2017.11.30;3;0.56200;0.13300;4.22556
2017.12.01;4;0.52840;0.13360;3.95509
2017.12.04;0;0.33340;0.09000;3.70444
2017.12.05;1;0.36770;0.09630;3.81828
2017.12.06;2;0.44980;0.09000;4.99778
2017.12.07;3;0.30070;0.04100;7.33415
2017.12.08;4;0.31420;0.07270;4.32187
2017.12.11;0;0.17870;0.02500;7.14800
2017.12.12;1;0.29430;0.06930;4.24675
2017.12.13;2;0.28300;0.10040;2.81873
2017.12.14;3;0.45020;0.09500;4.73895
2017.12.15;4;0.33520;0.10170;3.29597
2017.12.18;0;0.42590;0.14970;2.84502
2017.12.19;1;0.82450;0.24940;3.30593
2017.12.20;2;0.60190;0.18200;3.30714
2017.12.21;3;0.30000;0.05760;5.20833
2017.12.22;4;0.37960;0.05830;6.51115
2017.12.25;0;0.15270;0.05970;2.55779
2017.12.26;1;0.29270;0.08670;3.37601
2017.12.27;2;0.42530;0.09740;4.36653
2017.12.28;3;0.56290;0.19000;2.96263
2017.12.29;4;0.48380;0.18500;2.61514
2018.01.01;0;0.00000;0.00000;0.00000
2018.01.02;1;0.39170;0.14160;2.76624
2018.01.03;2;0.56350;0.21030;2.67951
2018.01.04;3;0.50360;0.17530;2.87279
2018.01.05;4;0.51060;0.10470;4.87679
2018.01.08;0;0.56910;0.18030;3.15641
2018.01.09;1;0.45360;0.08100;5.60000
2018.01.10;2;0.60150;0.21070;2.85477
2018.01.11;3;0.68790;0.16000;4.29937
2018.01.12;4;0.64650;0.14770;4.37712
2018.01.15;0;0.50800;0.08930;5.68869
2018.01.16;1;0.48540;0.08700;5.57931
2018.01.17;2;0.53180;0.13100;4.05954
2018.01.18;3;0.42990;0.09140;4.70350
2018.01.19;4;0.49760;0.10000;4.97600
2018.01.22;0;0.47030;0.08630;5.44959
2018.01.23;1;0.41940;0.10940;3.83364
2018.01.24;2;0.50090;0.23860;2.09933
2018.01.25;3;1.00090;0.22000;4.54955
2018.01.26;4;0.80560;0.18300;4.40219
2018.01.29;0;0.54490;0.17830;3.05609
2018.01.30;1;0.61600;0.13940;4.41894
2018.01.31;2;0.52550;0.12440;4.22428
2018.02.01;3;0.39440;0.07100;5.55493
2018.02.02;4;0.63620;0.17570;3.62094
2018.02.05;0;0.53410;0.13940;3.83142
2018.02.06;1;1.16870;0.36840;3.17237
2018.02.07;2;0.77750;0.24970;3.11374
2018.02.08;3;1.06160;0.28430;3.73408
2018.02.09;4;0.92130;0.18100;5.09006
2018.02.12;0;0.50660;0.14000;3.61857
2018.02.13;1;0.68680;0.18540;3.70442
2018.02.14;2;0.95010;0.23940;3.96867
2018.02.15;3;0.71380;0.09770;7.30604
2018.02.16;4;0.63490;0.13600;4.66838
2018.02.19;0;0.46960;0.16500;2.84606
2018.02.20;1;0.68610;0.14760;4.64837
2018.02.21;2;0.62460;0.10670;5.85380
2018.02.22;3;0.65730;0.18070;3.63752
2018.02.23;4;0.57560;0.12330;4.66829
2018.02.26;0;0.44410;0.13370;3.32162
2018.02.27;1;0.59280;0.26600;2.22857
2018.02.28;2;0.57230;0.13560;4.22050
2018.03.01;3;0.65500;0.12500;5.24000
2018.03.02;4;0.50120;0.13940;3.59541
2018.03.05;0;0.44390;0.06870;6.46143
2018.03.06;1;0.47940;0.14700;3.26122
2018.03.07;2;0.42080;0.07470;5.63320
2018.03.08;3;0.49080;0.10400;4.71923
2018.03.09;4;0.34510;0.08100;4.26049
2018.03.11;6;0.00000;0.00000;0.00000
2018.03.12;0;0.47980;0.10430;4.60019
2018.03.13;1;0.49370;0.10340;4.77466
2018.03.14;2;0.51370;0.14600;3.51849
2018.03.15;3;0.42600;0.08500;5.01176
2018.03.16;4;0.49770;0.09200;5.40978
2018.03.18;6;0.00000;0.00000;0.00000
2018.03.19;0;0.37330;0.07700;4.84805
2018.03.20;1;0.33010;0.05440;6.06801
2018.03.21;2;0.34700;0.05570;6.22980
2018.03.22;3;0.45390;0.14900;3.04631
2018.03.23;4;0.37050;0.12740;2.90816
2018.03.26;0;0.32560;0.06900;4.71884
2018.03.27;1;0.39670;0.12340;3.21475
2018.03.28;2;0.54180;0.12500;4.33440
2018.03.29;3;0.40830;0.07640;5.34424
2018.03.30;4;0.30600;0.09400;3.25532
2018.04.02;0;0.36070;0.09270;3.89105
2018.04.03;1;0.28250;0.06600;4.28030
2018.04.04;2;0.36110;0.08100;4.45802
2018.04.05;3;0.53390;0.10660;5.00844
2018.04.06;4;0.37560;0.05700;6.58947
2018.04.09;0;0.36670;0.07130;5.14306
2018.04.10;1;0.36330;0.07500;4.84400
2018.04.11;2;0.31300;0.09640;3.24689
2018.04.12;3;0.32050;0.10230;3.13294
2018.04.13;4;0.37800;0.08540;4.42623
2018.04.16;0;0.35230;0.10670;3.30178
2018.04.17;1;0.32210;0.06900;4.66812
2018.04.18;2;0.31400;0.07900;3.97468
2018.04.19;3;0.37240;0.05530;6.73418
2018.04.20;4;0.42180;0.13600;3.10147
2018.04.23;0;0.53960;0.25440;2.12107
2018.04.24;1;0.64690;0.16100;4.01801
2018.04.25;2;0.51830;0.16400;3.16037
2018.04.26;3;0.73400;0.13400;5.47761
2018.04.27;4;0.58390;0.14600;3.99932
2018.04.30;0;0.47240;0.12500;3.77920
2018.05.01;1;0.41590;0.14400;2.88819
2018.05.02;2;0.51110;0.09000;5.67889
2018.05.03;3;0.64860;0.15200;4.26711
2018.05.04;4;0.55370;0.20500;2.70098
2018.05.07;0;0.55620;0.19240;2.89085
2018.05.08;1;0.73970;0.17800;4.15562
2018.05.09;2;0.72940;0.21470;3.39730
2018.05.10;3;0.92470;0.27470;3.36622
2018.05.11;4;0.73870;0.18700;3.95027
2018.05.14;0;0.61000;0.13400;4.55224
2018.05.15;1;0.95000;0.34100;2.78592
2018.05.16;2;0.78620;0.15040;5.22739
2018.05.17;3;0.75480;0.17000;4.44000
2018.05.18;4;0.59350;0.15600;3.80449
2018.05.21;0;0.48640;0.12600;3.86032
2018.05.22;1;0.78540;0.20500;3.83122
2018.05.23;2;0.70640;0.16100;4.38758
2018.05.24;3;0.66760;0.17940;3.72129
2018.05.25;4;0.74030;0.17900;4.13575
2018.05.28;0;0.59540;0.17600;3.38295
2018.05.29;1;0.73690;0.14600;5.04726
2018.05.30;2;0.65670;0.15500;4.23677
2018.05.31;3;0.63190;0.10000;6.31900
2018.06.01;4;0.62480;0.14100;4.43121
2018.06.04;0;0.48610;0.10000;4.86100
2018.06.05;1;0.47210;0.09540;4.94864
2018.06.06;2;0.46620;0.10900;4.27706
2018.06.07;3;0.51380;0.16160;3.17946
2018.06.08;4;0.55510;0.12130;4.57626
2018.06.11;0;0.36780;0.07200;5.10833
2018.06.12;1;0.36270;0.07200;5.03750
2018.06.13;2;0.45630;0.10870;4.19779
2018.06.14;3;0.45560;0.10530;4.32669
2018.06.15;4;0.98570;0.48960;2.01328
2018.06.18;0;0.76730;0.16170;4.74521
2018.06.19;1;0.82780;0.23400;3.53761
2018.06.20;2;0.88000;0.18360;4.79303
2018.06.21;3;0.86460;0.20200;4.28020
2018.06.22;4;0.75120;0.12700;5.91496
2018.06.25;0;0.61390;0.13160;4.66489
2018.06.26;1;0.52980;0.12800;4.13906
2018.06.27;2;0.70110;0.10170;6.89381
2018.06.28;3;0.62380;0.16000;3.89875
2018.06.29;4;0.78900;0.21200;3.72170
2018.07.02;0;0.64040;0.19400;3.30103
2018.07.03;1;0.82910;0.15900;5.21447
2018.07.04;2;0.52460;0.12000;4.37167
2018.07.05;3;0.52690;0.12530;4.20511
2018.07.06;4;0.50130;0.12000;4.17750
2018.07.09;0;0.46250;0.08600;5.37791
2018.07.10;1;0.46200;0.14400;3.20833
2018.07.11;2;0.57030;0.18700;3.04973
2018.07.12;3;0.58500;0.18770;3.11668
2018.07.13;4;0.55420;0.20300;2.73005
2018.07.16;0;0.46340;0.08070;5.74226
2018.07.17;1;0.46090;0.10570;4.36045
2018.07.18;2;0.40300;0.07830;5.14687
2018.07.19;3;0.53120;0.21100;2.51754
2018.07.20;4;0.71280;0.18870;3.77742
2018.07.23;0;0.46460;0.15400;3.01688
2018.07.24;1;0.59310;0.16740;3.54301
2018.07.25;2;0.63050;0.16440;3.83516
2018.07.26;3;0.76490;0.28570;2.67728
2018.07.27;4;0.85730;0.18400;4.65924
2018.07.30;0;0.60630;0.15140;4.00462
2018.07.31;1;0.86080;0.24140;3.56587
2018.08.01;2;0.49960;0.13540;3.68981
2018.08.02;3;0.63570;0.20000;3.17850
2018.08.03;4;0.77670;0.18960;4.09652
2018.08.06;0;0.57810;0.18600;3.10806
2018.08.07;1;0.43320;0.16000;2.70750
2018.08.08;2;0.51610;0.07260;7.10882
2018.08.09;3;0.44750;0.07970;5.61481
2018.08.10;4;0.57020;0.11830;4.81995
2018.08.13;0;0.73790;0.13470;5.47810
2018.08.14;1;0.60380;0.18300;3.29945
2018.08.15;2;0.68360;0.11600;5.89310
2018.08.16;3;0.66420;0.20100;3.30448
2018.08.17;4;0.50670;0.12260;4.13295
2018.08.20;0;0.64260;0.27540;2.33333
2018.08.21;1;0.90630;0.30170;3.00398
2018.08.22;2;0.61330;0.14070;4.35892
2018.08.23;3;0.65400;0.20600;3.17476
2018.08.24;4;0.65100;0.29800;2.18456
2018.08.27;0;0.73880;0.15670;4.71474
2018.08.28;1;0.60100;0.10700;5.61682
2018.08.29;2;0.80250;0.21070;3.80873
2018.08.30;3;0.56590;0.14060;4.02489
2018.08.31;4;0.61250;0.12860;4.76283
2018.09.03;0;0.51080;0.13170;3.87851
2018.09.04;1;0.56990;0.16230;3.51140
2018.09.05;2;0.69620;0.12000;5.80167
2018.09.06;3;0.56700;0.11400;4.97368
2018.09.07;4;0.57310;0.09730;5.89003
2018.09.10;0;0.41360;0.09100;4.54505
2018.09.11;1;0.51790;0.08900;5.81910
2018.09.12;2;0.43870;0.14270;3.07428
2018.09.13;3;0.74740;0.16650;4.48889
2018.09.14;4;0.63730;0.17050;3.73783
2018.09.17;0;0.49160;0.17500;2.80914
2018.09.18;1;0.54030;0.14070;3.84009
2018.09.19;2;0.66850;0.25600;2.61133
2018.09.20;3;0.60580;0.09400;6.44468
2018.09.21;4;0.72740;0.15100;4.81722
2018.09.24;0;0.51740;0.11300;4.57876
2018.09.25;1;0.38390;0.08070;4.75713
2018.09.26;2;0.38980;0.08450;4.61302
2018.09.27;3;0.56660;0.09930;5.70594
2018.09.28;4;0.44050;0.14450;3.04844
2018.10.01;0;0.50670;0.12550;4.03745
2018.10.02;1;0.48790;0.13400;3.64104
2018.10.03;2;0.47260;0.20300;2.32808
2018.10.04;3;0.86900;0.26700;3.25468
2018.10.05;4;0.88860;0.21000;4.23143
2018.10.08;0;0.71430;0.21750;3.28414
2018.10.09;1;0.71840;0.23500;3.05702
2018.10.10;2;0.69110;0.18950;3.64697
2018.10.11;3;1.22220;0.42350;2.88595
2018.10.12;4;0.75340;0.17530;4.29778
2018.10.15;0;0.50570;0.15920;3.17651
2018.10.16;1;0.63570;0.23600;2.69364
2018.10.17;2;0.60800;0.15030;4.04524
2018.10.18;3;0.73010;0.20870;3.49832
2018.10.19;4;0.56790;0.13350;4.25393
2018.10.22;0;0.75030;0.28350;2.64656
2018.10.23;1;0.78540;0.12900;6.08837
2018.10.24;2;0.74470;0.21450;3.47179
2018.10.25;3;0.58340;0.08800;6.62955
2018.10.26;4;0.84300;0.23650;3.56448
2018.10.28;6;0.00000;0.00000;0.00000
2018.10.29;0;0.66380;0.20800;3.19135
2018.10.30;1;0.71870;0.13250;5.42415
2018.10.31;2;0.74330;0.22330;3.32871
2018.11.01;3;0.89000;0.25750;3.45631
2018.11.02;4;0.92900;0.20550;4.52068
2018.11.05;0;0.72690;0.22730;3.19798
2018.11.06;1;0.56190;0.11530;4.87337
2018.11.07;2;0.89650;0.23550;3.80679
2018.11.08;3;0.68080;0.17540;3.88141
2018.11.09;4;0.54660;0.15350;3.56091
2018.11.12;0;0.54250;0.10350;5.24155
2018.11.13;1;0.84250;0.23800;3.53992
2018.11.14;2;0.90180;0.20150;4.47543
2018.11.15;3;0.83730;0.19500;4.29385
2018.11.16;4;0.77670;0.24530;3.16633
2018.11.19;0;0.75790;0.18850;4.02069
2018.11.20;1;0.56040;0.09350;5.99358
2018.11.21;2;0.54770;0.15800;3.46646
2018.11.22;3;0.43990;0.13480;3.26335
2018.11.23;4;0.43540;0.12450;3.49719
2018.11.26;0;0.38610;0.07400;5.21757
2018.11.27;1;0.49050;0.09400;5.21809
2018.11.28;2;0.48030;0.17750;2.70592
2018.11.29;3;0.45440;0.09200;4.93913
2018.11.30;4;0.46400;0.10600;4.37736
2018.12.03;0;0.57520;0.20350;2.82654
2018.12.04;1;0.76230;0.14730;5.17515
2018.12.05;2;0.55190;0.08900;6.20112
2018.12.06;3;0.79410;0.16600;4.78373
2018.12.07;4;0.73010;0.11430;6.38758
2018.12.10;0;0.59710;0.13570;4.40015
2018.12.11;1;0.50750;0.10470;4.84718
2018.12.12;2;0.39370;0.10950;3.59543
2018.12.13;3;0.48590;0.08800;5.52159
2018.12.14;4;0.39350;0.11670;3.37189
2018.12.17;0;0.36310;0.06650;5.46015
2018.12.18;1;0.40530;0.07450;5.44027
2018.12.19;2;0.37660;0.06100;6.17377
2018.12.20;3;0.43130;0.14500;2.97448
2018.12.21;4;0.53480;0.10650;5.02160
2018.12.24;0;0.31790;0.10900;2.91651
2018.12.25;1;0.00000;0.00000;0.00000
2018.12.26;2;0.29790;0.06130;4.85971
2018.12.27;3;0.37850;0.09200;4.11413
2018.12.28;4;0.66380;0.22770;2.91524
2018.12.31;0;0.59300;0.23900;2.48117
2019.01.01;1;0.00000;0.00000;0.00000
2019.01.02;2;0.72000;0.19450;3.70180
2019.01.03;3;0.86310;0.30400;2.83914
2019.01.04;4;0.85390;0.25830;3.30585
2019.01.07;0;0.61690;0.12000;5.14083
2019.01.08;1;0.58400;0.16250;3.59385
2019.01.09;2;0.61450;0.14280;4.30322
2019.01.10;3;0.67280;0.11500;5.85043
2019.01.11;4;0.58830;0.11050;5.32398
2019.01.14;0;0.45310;0.08550;5.29942
2019.01.15;1;0.45540;0.08870;5.13416
2019.01.16;2;0.83300;0.27750;3.00180
2019.01.17;3;0.69220;0.20350;3.40147
2019.01.18;4;0.73450;0.15150;4.84818
2019.01.21;0;0.48750;0.11350;4.29515
2019.01.22;1;0.49700;0.09500;5.23158
2019.01.23;2;0.50650;0.08450;5.99408
2019.01.24;3;0.60450;0.12250;4.93469
2019.01.25;4;0.46350;0.19900;2.32915
2019.01.28;0;0.45650;0.11150;4.09417
2019.01.29;1;0.49150;0.16350;3.00612
2019.01.30;2;0.75690;0.20400;3.71029
2019.01.31;3;0.60350;0.15450;3.90615
2019.02.01;4;0.65100;0.14700;4.42857
2019.02.04;0;0.40550;0.08150;4.97546
2019.02.05;1;0.29850;0.08500;3.51176
2019.02.06;2;0.42750;0.08050;5.31056
2019.02.07;3;0.41450;0.08850;4.68362
2019.02.08;4;1.17200;0.39300;2.98219
2019.02.11;0;0.61250;0.15750;3.88889
2019.02.12;1;0.55550;0.18850;2.94695
2019.02.13;2;0.61150;0.16500;3.70606
2019.02.14;3;0.61540;0.12250;5.02367
2019.02.15;4;0.43400;0.11200;3.87500
2019.02.18;0;0.41300;0.08450;4.88757
2019.02.19;1;0.43550;0.13800;3.15580
2019.02.20;2;0.40550;0.08450;4.79882
2019.02.21;3;0.56250;0.18350;3.06540
2019.02.22;4;0.64700;0.14000;4.62143
2019.02.25;0;0.43350;0.07500;5.78000
2019.02.26;1;0.43100;0.12000;3.59167
2019.02.27;2;0.56250;0.16150;3.48297
2019.02.28;3;0.61200;0.15350;3.98697
2019.03.01;4;0.69000;0.25300;2.72727
2019.03.04;0;0.56250;0.15750;3.57143
2019.03.05;1;0.70200;0.20550;3.41606
2019.03.06;2;0.65800;0.14550;4.52234
2019.03.07;3;0.77400;0.20550;3.76642
2019.03.08;4;0.61400;0.15300;4.01307
2019.03.10;6;0.00000;0.00000;0.00000
2019.03.11;0;0.48200;0.08000;6.02500
2019.03.12;1;0.45750;0.08450;5.41420
2019.03.13;2;0.36400;0.07650;4.75817
2019.03.14;3;0.66800;0.20950;3.18854
2019.03.15;4;0.44750;0.10750;4.16279
2019.03.17;6;0.00000;0.00000;0.00000
2019.03.18;0;0.41450;0.07700;5.38312
2019.03.19;1;0.31700;0.05900;5.37288
2019.03.20;2;0.42600;0.12000;3.55000
2019.03.21;3;0.47900;0.16250;2.94769
2019.03.22;4;0.52200;0.10050;5.19403
2019.03.24;6;0.00000;0.00000;0.00000
2019.03.25;0;0.79300;0.24750;3.20404
2019.03.26;1;0.47550;0.16050;2.96262
2019.03.27;2;0.62200;0.27000;2.30370
2019.03.28;3;0.72950;0.18000;4.05278
2019.03.29;4;0.48800;0.18450;2.64499
2019.04.01;0;0.40550;0.09650;4.20207
2019.04.02;1;0.36850;0.10100;3.64851
2019.04.03;2;0.48050;0.10250;4.68780
2019.04.04;3;0.48900;0.11500;4.25217
2019.04.05;4;0.57550;0.16650;3.45646
2019.04.08;0;0.50100;0.12100;4.14050
2019.04.09;1;0.54750;0.13750;3.98182
2019.04.10;2;0.45600;0.11600;3.93103
2019.04.11;3;0.44300;0.13300;3.33083
2019.04.12;4;0.53100;0.13000;4.08462
2019.04.15;0;0.32250;0.06400;5.03906
2019.04.16;1;0.38050;0.06950;5.47482
2019.04.17;2;0.39600;0.08550;4.63158
2019.04.18;3;0.38500;0.08050;4.78261
2019.04.19;4;0.25350;0.03650;6.94521
2019.04.22;0;0.30100;0.09700;3.10309
2019.04.23;1;0.41350;0.13450;3.07435
2019.04.24;2;0.65040;0.10750;6.05023
2019.04.25;3;0.64250;0.14450;4.44637
2019.04.26;4;0.67750;0.17700;3.82768
2019.04.29;0;0.38100;0.06950;5.48201
